{"PC_H":313.7492032741243,"PC_Na":335.70660228852745,"PC_NH4":330.7567403783,"PC_K":351.6627028585331,"PC_H-H2O":295.7587493468102,"PC_-H":311.7358039024533,"O-PC_H":285.78554802568414,"O-PC_Na":307.74294704008736,"O-PC_NH4":302.79308512985983,"O-PC_K":323.699047610093,"O-PC_H-H2O":267.7950940983701,"O-PC_-H":283.77214865401317,"PE_H":271.7492030807205,"PE_Na":293.7066020951237,"PE_NH4":288.7567401848962,"PE_K":309.66270266512936,"PE_H-H2O":253.75874915340637,"PE_-H":269.73580370904955,"O-PE_H":243.78554783228034,"O-PE_Na":265.74294684668354,"O-PE_NH4":260.79308493645607,"O-PE_K":281.6990474166892,"O-PE_H-H2O":225.79509390496622,"O-PE_-H":241.77214846060937,"PS_H":315.68991288480385,"PS_Na":337.647311899207,"PS_NH4":332.6974499889795,"PS_K":353.6034124692127,"PS_H-H2O":297.6994589574897,"PS_-H":313.6765135131329,"O-PS_H":314.71955807946404,"O-PS_Na":336.67695709386726,"O-PS_NH4":331.72709518363973,"O-PS_K":352.6330576638729,"O-PS_H-H2O":296.72910415214994,"O-PS_-H":312.7061587077931,"PI_H":390.6269390126323,"PI_Na":412.5843380270355,"PI_NH4":407.634476116808,"PI_K":428.5404385970412,"PI_H-H2O":372.63648508531816,"PI_-H":388.61353964096133,"O-PI_H":389.65658420729255,"O-PI_Na":411.6139832216957,"O-PI_NH4":406.66412131146825,"O-PI_K":427.57008379170145,"O-PI_H-H2O":371.6661302799784,"O-PI_-H":387.6431848356216,"PA_H":228.75506521927989,"PA_Na":250.71246423368305,"PA_NH4":245.76260232345555,"PA_K":266.66856480368875,"PA_H-H2O":210.76461129196574,"PA_-H":226.7416658476089,"O-PA_H":200.79140997083974,"O-PA_Na":222.7488089852429,"O-PA_NH4":217.79894707501543,"O-PA_K":238.70490955524858,"O-PA_H-H2O":182.80095604352562,"O-PA_-H":198.77801059916877,"PG_H":302.70917452397,"PG_Na":324.6665735383732,"PG_NH4":319.71671162814573,"PG_K":340.6226741083788,"PG_H-H2O":284.7187205966559,"PG_-H":300.6957751522991,"O-PG_H":274.7455192755299,"O-PG_Na":296.70291828993305,"O-PG_NH4":291.7530563797056,"O-PG_K":312.6590188599387,"O-PG_H-H2O":256.75506534821574,"O-PG_-H":272.7321199038589,"TG_H":176.8416806957094,"TG_Na":198.7990797101126,"TG_NH4":193.84921779988514,"TG_K":214.75518028011828,"TG_H-H2O":158.85122676839532,"TG_-H":174.82828132403847,"DG_H":148.8780254472693,"DG_Na":170.83542446167252,"DG_NH4":165.885562551445,"DG_K":186.79152503167813,"DG_H-H2O":130.88757151995517,"DG_-H":146.86462607559835,"MG_H":120.91437019882915,"MG_Na":142.87176921323237,"MG_NH4":137.92190730300487,"MG_K":158.82786978323801,"MG_H-H2O":102.92391627151505,"MG_-H":118.9009708271582,"SM_H":284.80263120254574,"SM_Na":306.7600302169489,"SM_NH4":301.81016830672144,"SM_K":322.71613078695464,"SM_H-H2O":266.81217727523165,"SM_-H":282.7892318308748,"EPC_H":242.80263100914192,"EPC_Na":264.76003002354514,"EPC_NH4":259.8101681133176,"EPC_K":280.71613059355076,"EPC_H-H2O":224.81217708182783,"EPC_-H":240.78923163747095,"CER_H":119.93145337569075,"CER_Na":141.88885239009394,"CER_NH4":136.93899047986645,"CER_K":157.8449529600996,"CER_H-H2O":101.94099944837663,"CER_-H":117.91805400401978,"CERP_H":199.8084931477013,"CERP_Na":221.7658921621045,"CERP_NH4":216.81603025187698,"CERP_K":237.72199273211018,"CERP_H-H2O":181.81803922038722,"CERP_-H":197.79509377603037,"LCER_H":488.60150467607707,"LCER_Na":510.55890369048024,"LCER_NH4":505.60904178025277,"LCER_K":526.515004260486,"LCER_H-H2O":470.611050748763,"LCER_-H":486.5881053044061,"HCER_H":281.80332716904314,"HCER_Na":303.7607261834463,"HCER_NH4":298.81086427321884,"HCER_K":319.71682675345204,"HCER_H-H2O":263.81287324172905,"HCER_-H":279.78992779737223,"SHCER_H":407.60386510929135,"SHCER_Na":429.56126412369457,"SHCER_NH4":424.61140221346704,"SHCER_K":445.5173646937002,"SHCER_H-H2O":389.61341118197726,"SHCER_-H":405.5904657376204,"GM3_H":773.3316833328486,"GM3_Na":795.2890823472518,"GM3_NH4":790.3392204370243,"GM3_K":811.2451829172575,"GM3_H-H2O":755.3412294055344,"GM3_-H":771.3182839611776,"GM1_H":1126.9824728651329,"GM1_Na":1148.939871879536,"GM1_NH4":1143.9900099693086,"GM1_K":1164.8959724495417,"GM1_H-H2O":1108.9920189378188,"GM1_-H":1124.969073493462,"CE_H":414.8932657764185,"CE_Na":436.85066479082167,"CE_NH4":431.9008028805942,"CE_K":452.80676536082734,"CE_H-H2O":396.9028118491044,"CE_-H":412.87986640474753,"LPC_H":285.78554802568414,"LPC_Na":307.74294704008736,"LPC_NH4":302.79308512985983,"LPC_K":323.699047610093,"LPC_H-H2O":267.7950940983701,"LPC_-H":283.77214865401317,"O-LPC_H":257.821892777244,"O-LPC_Na":279.7792917916472,"O-LPC_NH4":274.8294298814197,"O-LPC_K":295.7353923616529,"O-LPC_H-H2O":239.83143884992992,"O-LPC_-H":255.8084934055731,"LPE_H":243.78554783228034,"LPE_Na":265.74294684668354,"LPE_NH4":260.79308493645607,"LPE_K":281.6990474166892,"LPE_H-H2O":225.79509390496622,"LPE_-H":241.77214846060937,"O-LPE_H":215.8218925838402,"O-LPE_Na":237.7792915982434,"O-LPE_NH4":232.8294296880159,"O-LPE_K":253.73539216824906,"O-LPE_H-H2O":197.8314386565261,"O-LPE_-H":213.80849321216925,"LPS_H":287.7262576363637,"LPS_Na":309.68365665076686,"LPS_NH4":304.7337947405394,"LPS_K":325.63975722077254,"LPS_H-H2O":269.73580370904955,"LPS_-H":285.7128582646927,"O-LPS_H":259.76260238792355,"O-LPS_Na":281.72000140232666,"O-LPS_NH4":276.77013949209925,"O-LPS_K":297.6761019723324,"O-LPS_H-H2O":241.77214846060937,"O-LPS_-H":257.7492030162526,"LPI_H":362.66328376419216,"LPI_Na":384.6206827785954,"LPI_NH4":379.67082086836785,"LPI_K":400.57678334860105,"LPI_H-H2O":344.672829836878,"LPI_-H":360.6498843925212,"O-LPI_H":334.699628515752,"O-LPI_Na":356.65702753015523,"O-LPI_NH4":351.7071656199277,"O-LPI_K":372.6131281001609,"O-LPI_H-H2O":316.709174588438,"O-LPI_-H":332.68622914408104,"LPG_H":274.7455192755299,"LPG_Na":296.70291828993305,"LPG_NH4":291.7530563797056,"LPG_K":312.6590188599387,"LPG_H-H2O":256.75506534821574,"LPG_-H":272.7321199038589,"O-LPG_H":246.7818640270897,"O-LPG_Na":268.7392630414929,"O-LPG_NH4":263.78940113126544,"O-LPG_K":284.6953636114986,"O-LPG_H-H2O":228.7914100997756,"O-LPG_-H":244.76846465541874,"LPA_H":200.79140997083974,"LPA_Na":222.7488089852429,"LPA_NH4":217.79894707501543,"LPA_K":238.70490955524858,"LPA_H-H2O":182.80095604352562,"LPA_-H":198.77801059916877,"O-LPA_H":172.8277547223996,"O-LPA_Na":194.78515373680276,"O-LPA_NH4":189.8352918265753,"O-LPA_K":210.74125430680846,"O-LPA_H-H2O":154.83730079508553,"O-LPA_-H":170.81435535072862,"FA_H":60.96026095860698,"FA_Na":82.91765997301017,"FA_NH4":77.96779806278268,"FA_K":98.87376054301583,"FA_H-H2O":42.969807031292866,"FA_-H":58.94686158693603}